polarity	sentence
1	Ambiente agradável, bons pratos, comida saborosa , bom serviço, vale a pena conferir, bom tempero, recomendo
1	Lugar muito agradável, comida excelente é importante o bom atendimento dos garçons.
1	O Coqueiro verde serve uma deliciosa carne de sol, também contam com serviço de entrega o que é uma boa pedida para quem não quer sair de casa.. O serviço no restaurante é simples, a comida também, mas muito gostosa..
1	Ambiente confortável, ótimo atendimento com um garçon simpático, ele nos contou a história do empreendimento e sempre bem solícito.
1	Comida Boa por um bom preço.
1	Boa carne, atendimento eficiente e grande variedade de saladas.
1	Local agradável.
1	Adoro as pizzas e o almoço, nas duas unidades.
1	O atendimento também é muito bom.
1	Delivery também vale super a pena.. a pizza chega bem quentinha!
1	Atendimento bom, local familiar.
1	Amei conhecer,o açaí é delicioso!Tem bastante opção em comida regional,o que nos deixa bem servidos!Super recomendo.
1	Como alternativa, o tacacá do parque rio negro é tão bom quanto e custa bem menos.
1	Deliciosos pratos.
1	Local aconchegante e familar.
1	Boa comida e boa bebida.
1	Tucunaré peixada sem igual.
1	A Cachaçaria do Dedé do Shop Manauara brilha aos olhos: é linda, imponente, a decoração é fantástica e você pode ficar ao ladinho de árvores nativas da Amazônia.
1	Os pratos, petiscos e bebidas são nota 10!
-1	Mas....... o serviço às vezes deixa muito a desejar.... mais pela demora.
-1	Mesmo com os preços um pouco salgados....
1	Vale a pena fazer uma visita e conferir os pratos deliciosos, é um lugar seguro, confortável,refrigerado, familiar e romântico, preço  acessível,
1	Ideal para o domingo de manhã com a família, pois possui um ambiente agradável e uma ótima localização.
1	Otimo rodizio de carne tanto para o almoço como para o jantar, preço bastante em conta, grande variedade de comida, alem de carne, tem massa, saladas, ambiente bom, amplo, atendimento excelente.
1	Cortes especiais das mais nobres carnes são um convite todo especial.
1	Delicioso, variado e completo buffet.
1	Pratos quentes fenomenais.
1	Ambiente amplo, confortável e muito agradável.
1	Atendimento nota 10.
1	Exelente localização.
1	E é uma delicia, com destaque para a sopa de carne com legumes acompanhada da deliciosa torradinha.
-1	atendimento deixa a desejar.
1	Comida de qualidade, com pouco óleo, lembra os restaurantes Adventistas.
1	A comida estava boa e bem servida.
1	O ambiente é amplo com 2 andares e banheiros bastante limpos.
1	O atendimento é cordial.
1	O cardápio é bem variado, gostoso, mas o atendimento é muito ruim.
1	Precisa melhorar muito o atendimento ou dar um treinamento porque a comida é muito boa e aquelas funcionárias afundam o restaurante.
1	O restaurante do SENAC é bem situado.
1	Ambiente super higienizado, atendimento excelente, os preços são ótimos.
1	As comidas são excelentes.
1	Vale experimentar o tambaqui na brasa, é muito bom!!!
1	Muito bom o atendimento.
1	Cardápio variado.
1	Ambiente agradável.
-1	Custo benefício alto.
1	Ótima opção para quem está a passeio pela cidade e quer experimentar um tacacá e ouvir boa música.
1	Comida muito boa.
1	Casa muito linda, grande e elegante.
1	Buffet variado de pratos quentes e frios.
1	Churrascaria perfeita, Fanatástica!
1	Excelente comida, excelente atendimento.
1	Pouca tempo de espera se consideramos que era uma data festiva.
1	Eu recomendo o Banzeiro, um lugar perfeito para comer uma comida tipica da região e boa qualidade.
1	Ambiente bem amplo.
1	Atendimento muito eficaz!
1	Variação no cardipio 100% regional, comida quentinha e muito saborosa, tambaqui assado sem espinha juntamente com a farofa de castanha e aquele suco de cupuaçu, melhor degustação que já tive.
1	Tem música ao vivo, bolinho de bacalhau, bebidas geladas, bom atendimento, gente de todas as partes do mundo!!!
1	Apesar de não ser um lanche pra matar a fome (ainda mais porque não é tão barato assim), é uma ótima opção para acompanhar um cafezinho.
1	Cafezinho esse que aliás, é muito bom.
1	O lugar é adoravel, oferece um excelente serviço e o lugar perfeito para um jantarzinho a dois... Para quem gosta de massa este é um ótimo restaurante...
1	Um lugar aconchegante, seguro, tem estacionamento, atendimento é bom, os preços são moderados, cardápio variado, sopas, vale a pena conhecer.
1	A melhor peixaria da cidade!
1	Ambiente agradável e culinária apurada, tendo como principais ingredientes os belos peixes de água doce da região.
-1	O preço é um pouco acima da média, mas vale cada centavo que custa.
-1	Ligue o quanto antes porque o horário para agendar reserva é limitado.
1	Hamburgueria artesanal com tempero diferenciado, de primeira qualidade, fora o atendimento no qual diferencia por serem bilíngues,.
1	Os pratos são bem servidos, por isso atenção, o pedido para uma pessoa geralmente vem com dois filés ou postas, dependendo do seu apetite e do seu bolso...peça o que lhe for melhor.
1	Uma excelente descoberta que fiz em terras manauaras ao localizar este simpático restaurante de peixe amazônico próximo ao hotel em que estive hospedado (Blue Tree Premium).
1	Local agradável, vale a visita e excelente custo benefício (1 prato serve 3).
1	ótimo restaurante e ótimo atendimento, fomos atendidos pelo sr. Pedro Jacks muito atencioso, gostei de mais.
1	Excelente peixe, para quem esta localizado no Distrito Industrial, excelente pedida para almoço.
1	É um restaurante executivo com buffet gostoso e serviço a la carte bem no centrinho da cidade mas é bem pequeno.
1	Nota 10 restaurante com comidas típicas e variadas para todos gostos atendimento nota mil super recomendo fantástico voltaria com certeza!!!
1	Lugar novo , dentro do shopping Ponta Negra.
1	Serviço bom.
1	Som ao vivo agradavel.
1	Muito bom, recomendo atendimento 100% Agradeço o Ricardo José pelo excelente atendimento e o prato de camarão show!!!
1	O atendimento foi ótimo, a entrada (banana pacová com patê de algum peixe) foi uma delícia e o tambaqui, em si, um espetáculo!
1	O preço também é ótimo!
1	Comida regional chique demais.
1	Ambiente agradável com decoração lembrando a Amazônia como parede imitando escamas de pirarucu e casa de pau-a-pique.
1	Melhor rodízio de pizza de manaus (de terça a quinta-feira), a pizza com massa fininha, bem recheada e com vários sabores, muito bom!!
-1	O rodízio tem um preço acima dos concorrentes, mas vale o cobrado pela qualidade oferecida.
1	O serviço é bom, sempre tem um garçom por perto e o bacana é que possui um estacionamento gratuito bem em frente.
1	Já na sobremesa, as pizzas de cupuaçu e de mm's já fazem valer o rodízio, por serem sensacionais.
1	A comida é ótima, saborosa e bem preparada.
1	O ambiente é agradabilíssimo!
1	Coco bambu é maravilhoso em qualquer lugar!
1	De sobremesa a cocada ao forno com sorvete é espetacular!
1	Sem duvidas, o Restaurante Banzeiro é uma das melhores peixarias de Manaus!
1	A criatividade na elaboração dos pratos é fantástica!
1	Uma explosão de sabores regionais inigualável!
-1	O local é bastante simples e até que o preço cobrado não é tão "simples" assim , mas a comida era boa .
1	O nome engana - o lugar tem uma variedade enorme de todo tipo de bebidas, comidas tipicas deliciosas padrão gourmet, um ambiente aconchegante.
1	Excelente atendimento, garçom Ebrahim muito educado e atencioso.
1	Ótima variedade de sucos.
1	Salgados e sanduíches saborosos, porém o valor exorbitante cobrado me deixa insatisfeito.
1	Restaurante muito bom e concorrido de Manaus.
1	Comida regional com pratos generosos.
1	Preço justo
1	Comida saborosa.
1	Peixe estava bem preparado no ponto e com acompanhamentos deliciosos.
1	Boas pixzzas e boas massas.
1	Lugar aconchegante e tranquilo.
-1	Atendimento razoavel, principalmente quando está cheio.
1	Preço justo pela qualidade dos pratos.
1	Achei bem saborosa e com recheio de qualidade.
-1	Não gostei muito da borda com gergelim, algo fora do padrão de pizza.
1	Buffet com opções variadas e saborosas.
1	Serve lanches e cerveja gelada, tem mesinhas fora do estabelecimento, funciona em uma casa antiga o que faz parte do seu charme.
1	Recentemente inaugurado e em plena Savassi, o restaurante é um local agradável, com sua cozinha espanhola com influência mediterrânea, conta também com um espaço cultural com exposições de artes, apresentações artísticas e dança flamenca.
1	O bar fica próximo ao Teatro Amazonas, e geralmente tem música ao vivo acompanhada de cerveja gelada.
1	O ambiente é agradável em razão da diversidade de seus frequentadores.
1	Um lugar seguro, agradável, aconchegante, preço acessível, bem localizado, faça uma visita com a sua família ou amigos.
1	Sabor da comida fantástico, em qualquer especialidade típica da região.
1	Além do atendimento e ambiente super confortável.
1	Além de continuar com um bom self service, com destaque para as sobremesas, também tem boas opções a la carte.
1	Também tem bons shows folclóricos nas quintas feira.
1	Fora isso, o atendimento é MUITO bom e o ambiente/vista são lindos.
1	As empanadas deste lugar são deliciosas, e as cervejas também, tem boa opção de vinho!!
-1	Gostei, pena que o lugar é pequeno, muitas vezes não tem lugares disponíveis!
1	A carne de sol é ótima, muito bem servida, as Cervejas do Dedé são muito saborosas, principalmente a Dunkel, o atendimento é top
1	Esta sorveteria é muito simpática, bem em frente ao Teatro Amazonas, na praça.
1	Experimentei o sorvete de Creme de Cupuaçu, delicioso!
1	Além disso, o pessoal que atende é muito gentil!
1	Muito bom, local simples de boa qualidade, sucos deliciosos e abundantes.
1	Preço razoável.
1	adorei estar neste lugar o qual possue um otimo cardapio regional local alem do otimo atendimento o local e bastante amplo e bem climatizado com amplo estacionamento e otima localizacao.. recomendo a todos..
1	É uma delicia a carne sol do coqueiro verde, com mais os bolinhos de macaxeira frita.
1	boa localização, bonito, amplo , limpo, pessoal atencioso , comida super agradável, e farta ; as carnes sao da melhor qualidade
1	Excelente comida, cozinha aberta a visita, estacionamento amplo, lugar bem aconchegante, amplo, bom atendimento, selv service.
1	Ótimo atendimento, carnes saborosíssimas, ambiente agradável com brinquedoteca, boa opção para os pais que tem filhos pequenos.
1	Deliciosamente ,variedades no cardápio ,ambiente confortável e com um preçinho saboroso,indico p todos,vale conferir
-1	Primeiro o garçom foi inconveniente ao insistir no que deveríamos pedir, pedimos de entrada um camarão de 76 reais que não estava bem preparado.
-1	Depois de muita dúvida pois o cardápio é muito extenso e repetitivo, pedimos um camarão Iracema(157 reais) que no cardápio dizia servir até  4 pessoas, talvez serviria se a quarta pessoa aceitasse comer só arroz de leite, pois sobrou uma quantidade enorme, camarão mesmo que é bom achei que só come no máximo 3.
-1	Resultado, 300 reais a conta pra três pessoas, lugar bonito mas a comida, o atendimento e o preço não valeu a pena.
1	Fui diversas vezes desde qdo mudei pra Manaus e trouxe as visitas ( turistas) pra ter a experiência de tomar sopas variadas em sistema de buffet, em ambiente rústico e amplo.Todos sempre gostaram da experiência
1	O ambiente é sofisticado e há bastante opção de acompanhamento, desde saladas, geleias, queijos e o tradicional para um churrasco.
1	Se você procura comer um bom bacalhau, estará no lugar certo.
1	Experimentei dois pratos e ambos estavam divinos.
1	O ambiente é muito bonito, mas nem tanto acolhedor.
1	Os funcionários são educados, porém, numa das vezes que estivemos houve um problema com a conta (erro da casa) e a mesma não se esforçou para resolvê-lo.
-1	Todavia, o preço dos pratos são assustadores, muito embora um prato individual serve com fartura duas pessoas, mas ainda assim o preço é puxado.
1	Boa estrutura, ótima comida, esperava ais variedade, serve rodízio e a la carte, atendimento bom, poderia ter maior área climatizada, não identifiquei mobilidade para cadeirantes, idosos, se for em um numero grande de pessoas, é bom fazer uma reserva.
1	Ótima opção pra quem gosta de um rodízio de massa e pizza em um ambiente descontraído repleto de jovens e muita energia positiva.
1	Atendimento sempre excelente !
1	Comida típica da região, gostosa, feita com capricho, peixes frescos, tudo muito gostoso!!
1	Atendimento excelente, garçons muito atenciosos!
1	Infelizmente as bebidas pra quem quer uma experiência completa, não vai de total encontro a expectativa, caipirinhas e caipiroskas mal elaboradas, mas logico os sucos são muito bem feitos e a batida de cacau sensacional.
1	é um otimo restaurante, os pratos sao muito bons, o ambiente e o atendimento também, porém há um problema com a acústica do restaurante, muito barulhento
1	Ambiente ótimo pra ir com amigos, comida muito boa mesmo.
1	A decoração é linda e voce pode caminhar pelo local e conhecer cachaças de varias partes do país e do mundo, e o melhor estão todas a venda, otimo ambiente.
1	Excelente churrascaria.
1	O ambiente é bem agradável.
1	Pedi a picanha e a carne veio suculenta e no ponto certo.
1	O atendimento também foi ótimo e a comida veio super rápido.
1	Local bonito e agradável, localizado dentro do shopping Manauara.
-1	O atendimento deixou um pouco a desejar porque tinha garçons que não sabiam quais os chopes disponíveis na casa e chegamos a ficar 15 min esperando uma rodada com um monte de garçom ocioso.
1	Apesar de não terem matrinxã assado, o qual queria jantar, o tambaqui estava saboroso e a farofa branca com ovo estava muito bom.
1	além da variedade de bebidas e um chopp bem geladinho.
1	O local é lindo , a comida é ótima (sem falar na batida de coco!!)
1	, música ao vivo e o atendimento perfeito do garçom Bruno .
-1	É horrivel, o atendimento vai de mal a pior só depende do astral dos funcionários, além disso para "mundo" de alguma coisa essa  casa passa muito longe!
1	é um lugar agradável por estar no Largo, no entanto poderia ser um ótimo lugar se mudasse a administração, seria realmente um lugar interessante de se conhecer!
1	para jantar recomendo, pratos diferenciados, não tradicionais, ou melhor tradicionais modificados, o chefe tem um menu muito gostoso.
1	o lugar é agradável, pequeno, parece com o japao realmente.
1	Grande bufê  que inclui além de pratos quentes, sushis e saladas que servem de acompanhamento para os variados tipos de carne que é servido.
1	O atendimento é muito bom; a comida, saborosa; o chopp está sempre na temperatura certa!
1	Embora seja um restaurante recém inaugurado o atendimento é ótimo.
1	A comida é muito boa.
1	Com cardápio variado.
1	Boa carta de vinhos.
1	E o preço não é abusivo.
1	Um bom atendimento, a comida estava deliciosa, tudo na medida certa, a localização do restaurante é ótima, o saber de comidas regionais pe o que mais surpreende, voltarei outras vezes com certeza !!!!
1	A comida é extremamente saborosa e os pratos são bem servidos.
1	Lanchonete com variedade em lanches e sucos, um bom atendimento e está em uma boa localização da cidade.
1	Excelente atendimento agilade rapidez desdo garçom a gerência chopp gelado ambiente agradável parabéns...Voltaremos quando estivermos em Curitiba.
1	O ambiente é bem amplo, iluminado.
1	Atendimento muito cordial dos funcionários.
-1	Caro demais.
1	O cardápio é outra falácia, pois pedimos uns 4 itens que não estavam disponíveis.
-1	Boteco bem simples com preço de Bistrô.
1	Um bom lugar para estar com a família e/ou amigos, incluindo crianças.
1	Restaurante muito aconchegante e com bom atendimento.
1	A cozinheira veio até à nossa mesa e se colocou à disposição para confirmar o bom atendimento.
1	Preço bom e comida muito boa.
1	Os sushis são diferentes, frescos e incríveis.
1	Primeiro que o serviço é excelente e o cardápio, apesar de pequeno, contempla todos os gostos.
1	Comi gnui e estava maravilhoso.
1	A sobremesa estava excelente.
1	Almoço caseiro muito bom, três opções de carne, muita variedade de saladas, três frutas, um bufê de sobremesas incrivel, com bolos e tortas doces e dois sucos naturais, o melhor é o preço, R$18,90 a vontade!!!
1	Ambiente rústico que traz o apelo artesanal.
1	O cardápio conta com pizzas de sabores diferenciados, bebidas interessantes e preços compatíveis.
1	A fabricação é visível aos clientes e o atendimento é bom.
1	Bem localizado na Av.
-1	Fui com amigos comemorar um aniversário, por fora o prédio é bem velho e feio.
1	As estradas foram boas mas o como prato principal pedi um bacalhau para dois e não achei grande coisa, estava bom mas um pouco ressecado.
-1	De sobremesa pedi um sorvete  que vem com dois tipos de mousses, porção bem pequena.
1	Estive almoço de Natal do Fogo de Chão Danto Amaro e o atendimento foi excepcional.
1	É tipo um boteco sofisticado.
1	O espaço é apertado , mas o serviço é bom e os aperitivos são de qualidade , muito bons.
1	Muito bem localizado em frente à praia de Meirelles, pouco depois da popular "feirinha", com excelente atendimento e ambiente muito agradável.
1	O restaurante Coco Bambu de Fortaleza/CE é excelente, com dezenas de opções de pratos, variando entre peixes, frangos e carnes vermelhas.
1	O atendimento é extremamente agradável, com garçons muito solícitos e simpáticos.
1	Restaurante com atendimento cordial, preço na média da região e boa variedade de pratos e sobremesas.
1	Local muito bom , na Passarela do Caranguejo.
1	Com excelente comida e música ao vivo.
1	Destaque para a decoração que achei incrível .
1	ótimo atendimento.
1	A melhor cerveja artesanal de Belém, fica na Cervejaria Amazon Beer, localizada na Estação das Docas, próximo ao ver-o-peso, um dos ambientes mais indicados para os turistas, além, de poder ver o por-do-sol a beira da baia do guajará.
1	As pizzas da Forneria são ótimas!!
1	Massa deliciosa, ingredientes de qualidade.
1	O atendimento é muito bom e o preço bem justo.
1	Atendimento muito bom, o bacalhau esplêndido.
-1	O único defeito é o espaço que é pequeno.
1	Os pratos quentes do restaurantes são deliciosos.
1	O kilo perto dos R $ 75,00 torna o almoço de rotina muito caro , permitindo o cálculo e trazendo o almoço no Mangai pra uma realidade possível , quanto ao sabor ... muito bom !
1	Comida perfeita, atendimento do garçom Wemerson nota 10, música agradável, ambiente agradável
1	Bebida sempre gelada , pessoas bonitas  e simpáticas , lugar perfeito para fazer amizades e passar a noite toda bebendo e comendo!
1	Atendimento top, Wemerson garçom com um atendimento impecável, chopp gelado e comida de primeira.
1	Muito bom!!!
1	A comida do restaurante é maravilhosa, com boa variedade de pratos e vinhos, o ambiente também é fenomenal.
-1	Porém o atendimento deixa muito a desejar, a entrada demorou muito mais que o prato principal, acredito que esqueceram de encaminhar o pedido, a coca-cola que pedimos não veio, tivemos que pedir a outro garçom.
-1	E os preços são um pouco caro, nada exorbitante, mas R$ 16,50 numa entrada simples de apenas 06 torradas de brusqueta e R$ 51,00 num prato de macarrão simples com molho vermelho é um pouco defasado da realidade.
1	comida muito boa e de alto nível, lugar super agradável e atendimento de primeira.
1	Comidas típicas do Nordeste, decoração rústica é bem aconchegante com atendimento ótimo e estacionamento privativo.
-1	Lugar pequeno e no ápice do sucesso, então é normal que tenha fila.
1	Achei a gestão da fila atenciosa e amigável.
1	O lugar é descontraído e a proposta particular e bem cuidada nos detalhes.
1	Os garçons são muito educados e atenciosos.
1	O ambiente é interessante.
1	Ambiente familiar.
1	Os pratos são extraordinários, atendimento cortês e a Carla Pernambuco passa de mesa em mesa cumprimentando os clientes.
1	Uma opção excelente, os hambúrgueres são muito gostosos, a maionese artesanal é espetacular, as batatas bem crocantes, o atendimento é sempre bom.
1	O melhor fondue que já comi!!!!
1	Tudo com muita qualidade e atendimento ideal.
-1	Única coisa chata é a espera.
1	Mantiveram tudo igual: buffet de saladas incrivel e as carnes chegando a mesa no estilo rodízio.
-1	Preços bem salgados por sinal.
1	Local linda, com mesas ao ar livre e super arborizado, tem um cantinho pra crianças com alguns brinquedos e lápis pra desenhar.
1	Vale a visita em um dia ensolarado, local muito aconchegante.
1	Comida maravilhosa, preco justo....
1	Bar do Adão é tradicional dos cariocas!
1	Fomos comemorar meu aniversário no Coco Bambu e tivemos um excelente atendimento - garçom Carlos , além da comida que estava deliciosa e bebidas perfeitas.
1	Comida boa e com um diferencial no sabor.
1	Lanches de qualidade e com inovação, bom para um final de tarde entre amigos
1	Outback é uma otima opção para comer e beber com qualidade, fica situado no shopping Center Norte com facil acesso, muito bom para almoço em familia, amigos e ate mesmo um almoço de negócio informal, recomendo como pedido a costelinha de porco, simplesmente perfeito.
1	Sem duvida o menezes Grill é o melhor espetinho de carne que existe no bairro da Cidade Velha é bem servidor e delicioso.
-1	Achei muito caro por aquilo que serve.
1	Primeira vez que fui ao Mamma Jamma e tive uma boa experiência.
1	Preço é justo: Pedi de entrada um pão com calabresa, com queijo gratinado (muito bom, por sinal) e uma pizza grande para dividir por 2 pessoas + bebidas, e deu um pouco menos de 60 reais para cada.
1	Atendimento e comida excelente como sempre!
1	Restaurante dentro do Copacabana Palace....atendimento impecável, comida muito boa  e ambiente bom...
1	Restaurante nota 10, da recepção no estacionamento, atendimento, menu, visual, conforto e comida deliciosa.
1	O preço compatível com a qualidade, menos de R$ 100 por pessoa com entrada, bebidas, pratos e sobremesa.
1	Amplo estacionamento, serviço de primeira, uma das melhores opções de João Pessoa.
1	Ó restaurante não é muito grande, mas o serviço é muito bom e os pratos fartos.
1	Pedi de entrada casquinhas de siri e iscas de lagosta crocante, tudo muito fresco.
1	De prato principal delícias do mar com cherne e lagosta e a qualidade se manteve e para finalizar carpaccio de banana, muito bom.
1	O atendimento foi excelente e cada garçom que nos atendeu nos deram todas as informações e sugestões para que tivéssemos uma noite agradabilíssima.
1	O lugar é bonito e divertido,  feito para turistas, já que só funciona às segundas.
-1	Chegando lá, encontramos um local muito pequeno e lotado, porém fomos informados que poderíamos comprar no delivery, do outro lado da rua, enquanto aguardávamos a mesa.
1	O lamen é barato (um missô lamen e chashu tonkotsu lamen ficaram R$20 cada).
1	O atendimento foi bom, ao contrário do que as pessoas normalmente dizem.
1	Fomos conhecer a Cervejaria Amazon Beer no final da tarde e pedi bolinhos de queijo com carne seca e são maravilhosos.
1	Comida muito boa, ambiente muito descontraído, ótimo para confraternizar com amigos.
1	Atendimento muito rápido.O único defeito é que quase sempre tem que enfrentar  uma fila de espera para entrar.
1	Apesar disso, como sempre, a comida estava ótima e sempre de ótima qualidade para agradar seus clientes
1	Foi bacana, opções de bebidas e comida boas, bom atendimento, ambiente agradável.
1	Mas a comida... como sempre, maravilhosa!!!
1	Rodízio muito bom!
1	O atendimento é rápido e eficiente!
1	Shimeji quentinho e os sushis e sashimis frescos!
1	Ambiente agradavel,pratos bem servidos e sobremesas variadas.Espaço para crianças brincarem.
1	Estacionamento amplo com manobrista pago.
1	atendimento mto bom.
1	comida mto bem preparada.
-1	mas deve se dizer que por ser feita para atender o grande publico, o ambiente se torna menos confortável, pois o barulho eh mto grande.
1	O restaurante possui diversas opções de pratos, todas de qualidade excelente, sendo esse o seu ponto.
1	Ótimo atendimento do garçom Roberval Viana e uma comida excelente tbm!!!
1	Lugar agradável embora quando cheio alguns lugares ficam inviáveis por colocarem as mesas muito próximas, tem-se a impressão de invasão  de privacidade.
1	Buffet de frios variados e bons.
1	Pizza massa fina, bem servida de ingredientes .
1	Atendimento eficiente, local com ar condicionado.
1	Padaria localizada ao lado do Hotel Ibis Budget da Frei Caneca que faz boa comida por preço justo.
1	Os salgados são muito bons, especialmente os croissants.
1	boa opção no centro da cidade.boa oferta de comida,preco e atendimento,limpeza tambem boa,recomendo.
1	Tudo com qualidade.
1	Bom atendimento.
1	Ambiente muito aconchegante.
1	Uma grande variedade de frutas.
1	Preço justo.
1	Não é barato, mas o serviço foi bom, a pizza veio super rápido, o menu é ótimo (várias opções de pizza e você pode optar por dividir a sua pizza em em até 3 sabores diferentes) e o ambiente é agradável.
1	Bem localizado.
1	Melhor pizza da cidade em termos de massa fina, preço um pouco salgado.
1	Tem o melhor petit gateu da ilha.
1	Muito bom!!
1	Atendimento excelente do Michael!!
1	Comida deliciosa e ambiente agradável!
1	Caipirinha deliciosa!
1	Comprar chocolates na cacau show é uma boa saída para quem quer fugir dos chocolates mais tradicionais e quer experimentar novos e deliciosos sabores de chocolates.
1	Excelente atendimento.
1	Comida muito bom, muito bem temperada.
1	Preço justo.
1	Excelente custo-benefício.
1	Ambiente agradável, garçons educados, comida gostosa, mas... as porções dos pratos kids são muito, muito, muito pequenas.
1	Atendimento de primeira, ambiente super legal.
1	As opções com camarão são as melhores mas os de peixes também são uma delícia.
1	O preço é razoável até.
-1	Chope bemtirado, comida questionável, o joelho de porco é bem feito, porém a salada de batatas veio azeda e o chucrute bem antigo.
-1	As salsichas de qualidade duvidosa.
1	O preço para o Rio é compatível .
1	Ambiente acolhedor, bebidas self-service, rock dos melhores (clássicos e atuais) e atendimento maravilhoso.
1	Esse restaurante é muito agradável, um excelente atendimento uma vista pro mar de abrilhantar os olhos e com uma refeição divina, nesse final de ano ele estarão fazendo um pacote muito bom pra quem gosta de celebrar a virada do ano de frente pro mar.
1	Local agradável, amplo, cardápio variado e bom atendimento.
1	Além de variados e deliciosos acaís, servem outras opções de lanches que equivalem à refeição e sucos muito gostosos.
1	sushi di boa qualidade e otimo tempura de legumes e camarao, tambem tem sobremesa incluida no valor do rodizio
1	A pizzaria é um charme.
1	O ambiente é ótimo para um encontro romântico ou para comer uma pizza com os amigos.
1	O atendimento é bom, rápido e eficiente.
-1	Os preços não são baratos entretanto não chegam a ser astronômicos.
1	Ambiente bem cuidado, atendimento excelente.
1	Tudo bem caprichado.
-1	Preço caprichado também.
1	No Executivo Grill você tem um ambiente descontraído, com diversas opções de saladas, pratos quentes, carnes, feijoada, a comida é gostosa, o atendimento é razoável e o preço é muito bom.
1	Ambiente super agradável e de ótimo atendimento.
1	A carne é ótima e o lugar super agradável!
1	As melhores burekas (folhados redondos recheados - em formato de donut) .
1	A de ricota e de espinafre são imbativeis.
1	Lanche gostoso, as batatas chips que vêm de acompanhamento e a maionese temperada da casa são boas, atendimento e ambiente agradáveis, preço em conta e ainda tem delivery.
1	As esfirras são a melhor propaganda do restaurante de comida tipica árabe, sabores variados (adoro a folheada de carne e a de azeitona), mas os outros pratos também são muito bons.
1	Não deixem de experimentar os charutinhos de folha de uva, o tempero é leve e saboroso.
1	Boa variedade de carnes, e variado buffet de saladas e outros acompanhamentos.
1	Bom atendimento.
1	Preço razoável.
1	Que desfrutar de um lanche leve e rápido vale a pena no flash lanches.
1	Tudo muito cuidado e ambiência limpa.
1	Restaurante muito bem localizado perto de varios hotéis , almoçamos depois das 16:00 sendo que a maioria dos restaurantes daquela região já estavam fechados, comida deliciosa feita com produtos saudáveis !
-1	Um lindo lugar, cardápio muito direcionado à camarão, preços elevados, mais condizentes com bom ambiente que as porções poucp generosas.
1	A casa costuma lotar no fim da tarde e serve um variado menu, de cerca de 30 itens, como pratos individuais e coletivos, para crianças, panelinhas, espetinhos e espetões, saladas, sanduíches, caldos e sobremesas.
1	O restaurante oferece um cardápio com massas, strogonoff, saladas, picadinho servidos em porções generosas, contam com um delicioso café e o ambiente é agradável, aconchegante e leve.
1	Infelizmente no dia que fui pedi duas opções de sobremesa que não tinham disponíveis, mas de modo geral a expriência foi muito agradável.
1	Batatas fritas muito especiais, burger extremamente saboroso (quem não come mal passado deve evitar).
1	Guarde espaço para a sobremesa, vale a pena!
1	Um boa opção para quem trabalha na região.
1	O Restaurante Verde e Grill oferece carnes de qualidade acompanhadas de um buffet bastante interessante, com pasteis, quiche, várias opções de saladas e legumes.
1	Um lugar super agradável!
1	Um cardápio variado com opções  de massas, pizzas, pratos ornamentados, tudo muito sofisticado e caprichado.
1	As pizzas são super saborosas.
1	Comida Excelente, sem palavras!
1	Cardápio variado e muito bom gosto, o buffet e sem igual, vale a pena expetiencia!!
1	Comida boa de qualidade, variedade comida típica mineira!
1	Bom ambiente!
1	Bom atendimento!
1	Restaurante bonito, que pela estilo parace ser caro, porem a moqueca estava mais barata do que na barraca na praia .
1	Após dois anos,  retornamos , a casquinha de Siri continua maravilhosa , chopp muito bem tirado,  cremoso.
1	Ambiente super aconchegante.
1	Excelente serviço de garçom.
1	A casa é bem decorada, estava um pouco quente, ar desligado.
1	Os PFs são bons e a bons preços.
1	Boa opção de almoço na região , pois contam com sistema de buffet livre no horário de almoço, disponível ótimos pratos e saboroso, o único ponto negativo é que o salao de mesas não é tao grande o que gera um certa espera na chegada.
1	lamens muito bons, bem tradicionais, apesar da grande espera por estar sempre lotado, vale a pena ter paciencia
1	Gosto bastante do açaí do Açaí Aju.
-1	Os molhos não são tão caprichados assim é o preço é bem caro.
1	Achei o restaurante bem bacana com decoração sofisticada e cardapio muito bom.
1	Ambiente tranquilo com musica boa.
1	Já fui nas duas lojas deles e o burguer é muito bom e podes escolher o ponto do hamburguer o ambiente também é bem legal.
1	Sabia que o Nino era um bom restaurante, mas me surpreendi positivamente.
1	Ambiente agradável, atendimento muito bom, com garçons simpáticos, que conhecem bastante dos pratos.
1	Carta de vinhos boa, com opcoes justas.
-1	Hoje comi um com o hot dog nesse restaurante e foi muito decepcionante.
-1	O preço cobrado  30 reais (Jan 20) é altíssimo se considerado a qualidade entregue.
1	Conheci o Folques Doces em março um ótimo ambiente com doces magníficos um lugar para saborear ótimos doces
1	O  Restaurante San Marino tem um ambiente agradável, o atendimento é muito bom, funcionários educados, a comida é muito saborosa.
1	Comida espetacular, atendimento impecável, Petit Gateau perfeito, ambiente super agradável, sem duvida um dos melhores restaurantes que já fui.
1	Um restaurante novo, bem montado, gostoso de se frequentar, parecido com outro de nome "Coco Bambu", com preços mais atraentes.
1	Os pratos são fartos e bem feitos.
1	O garçon que nos atendeu foi bastante solícito e explicou cada prato perguntado, com detalhes.
1	Um dos problemas é que os pratos fartos, são exagerados para duas pessoas.
1	No geral, um bom restaurante!
1	tudo muito saboroso e bem elaborado, os sanduíches poderiam ter um pão maior, pois o pão sempre acaba antes do hambúrguer, mas sempre delicioso.
1	O delivery é bem rápido.
1	Comida incrível!!
1	Garçons Super atenciosos.
1	Atendimento simplesmente perfeito, todos muito atenciosos e simpáticos.
1	Estrutura moderna e nova.
1	Bom atendimento.
1	Melhor hamburgueria de curitiba,tanto é que tem filial ate na terra do sanduiche,estados unidos.é caro!
1	Pizzaria muito boa, uma das melhores q já experimentei, atendimento impecável, comida de excelente qualidade, assim como bebidas... Preço justo
1	Ambiente pequeno, mas bem decorado e familiar.
1	A pizza é bem gostosa!
1	vale a pena ir recomendo a todos que vierem em são Paulo, limpo e legal para encontro com os amigos para bater um papo, bem localizado excelente
1	Simplesmente maravilhosa!
1	Bem servida, suculenta, tempero delicioso, sem defeitos.
1	Sensacional.
1	Bons ingredientes, variedade de combinações, é bem feita e tem bom preço.
1	Uma delicia!!!.
1	Boa estrutura , peço justo, boa comida!
1	Praia linda, limpa, muito agradável!
1	Os pretzels são sempre frescos e bem preparados e o atendimento é muito bom.
1	Considero a melhor pizza de São Paulo, e dizem que a pizza em São Paulo é a melhor do mundo (concordo).
1	O espaço é agradavel, a comida é boa, mas o atendimento deixa a desejar.
-1	Os preços não são tão baixos.
1	Cardápio criativo com  diferentes leituras da cozinha brasileira num lugar muito especial - bairro Santa Teresa , a Montmartre brasileira.
1	ótima opção para curtir uma cerveja com os amigos ou família, ostras sempre frescas e varias outras opções de frutos do mar.
1	Minha moqueca de arraia preferida.
1	Uma pizza deliciosa... saladas deliciosas... atendimento excelente... e o valor muito honesto... sempre que vou a Curitiba, minha pizzaria preferida.
1	O Lugar fica numa galeria com amplo espaço na praça de alimentação exceto no horario de pico.
1	simplesmente AMO as comidas deste lugar, atenção especial para o “batuta de manzo”, que é uma espécie de tartar muito não muito “temperado” como de costume de outros restaurantes, que pra mim, é um ponto positivo.
1	A comida é sempre boa e o serviço, excelente
1	Preço bom!
-1	O atendimento é problemático, não porque o atendente seja ruim, mas deixam uma única pessoa para preparar a massa, entregar ao cliente e cobrar no caixa.
-1	Há um fila e consequente demora no atendimento.
1	Ambiente agradável tanto na área interna, que é climatizada, quanto na ampla varanda.
-1	Tive uma experiência terrível com essa pizzaria.
1	Melhor opção no shopping para comidas e bebidas, ambiente muito bacana, bom atendimento e boa comida.
1	Boa variedade de bebidas.
1	Os preços são razoáveis e as porções são muito bem servidas.
1	Frequento o restaurante desde que foi inaugurado e sempre foi impecável na qualidade dos pratos, decoração e atendimento.
1	A decoração muito especial, que dá a impressão de estar entrando numa Villa Italiana é sempre impecável com suas maravilhosas hortências sempre impecáveis!
1	A qualidade dos produtos usados p/a execução dos pratos faz toda a diferença,sem contar o imperdível couvert com os pães de fabricação artezanal.
1	Um ambiente de muito requinte, agradável, super culinária italiana que amo.. fui com um primo sempre vejo pois moro bem ao lado, achei tudo maravilhoso especial, sou apaixonada por restaurantes!
1	Comida alemã excelente.
1	Ótimo lugar para comer, ambiente bem agradável, atendimento bom, comida muito boa, preço razoável... Recomendo e ao lado tem uma ótima padaria
1	Excelente Hamburger.
1	O buffet de saladas é bem variado.
1	O sundae farofino é imperdível.
1	É um restaurante de rede, mas a comida é muito boa.
1	Bar com excelentes preços no Setor Oeste.
1	Cerveja gelada, petiscos de bom preço.
1	Local elegante e reservado.
1	Bom atendimento e outros.
1	Um restaurante muito bom, com boa comida, espaço, atendimento bom, bem localizado vale a pena ir, uma das boas opções de restaurante da região.
1	A kafta, as esfihas e os kibes são muitos gostosos.
1	O preço é bem em conta.
1	Pizza rapida e em fatia.
1	Restaurante maravilhoso, cardápio variado, com uma comida incrivelmente deliciosa.
-1	O preço é um pouco salgado, mas vale a pena pela qualidade que eles oferecem.
1	Tem uma localização ótima.
1	É um kilão de qualidade, local climatizado, bem limpo, uma excelente variedades de pratos quevão do churrasco a caldeiradas e maniçoba (comida típica paraense) variedade de sobremesas, é muito frequentado pela classe média da cidade, então as vezes fica difícil ter boas mesas.
1	Excelente comida italiana com um atendimento excelente... Os proprietários preparam e servem as refeições com muita simpatia e cordialidade.
1	Local super agradável, funcionários atenciosos com atendimento de primeira qualidade.
1	Cardápio variado com destaque para as carnes.
1	A comida é deliciosa.
-1	O local só é pequeno.
1	Comida simples e barata, para quem esta de passagem pelo centro de João Pessoa, eu recomendo.
1	O local é organizado e limpo, tudo simples.
1	Preço bom, com comida de altíssima qualidade, com espaço agradável e bem localizado.
1	Atendimento de qualidade!!!
1	Comida excelente e bastante variada.
-1	Atendimento da recpcionista da porta ruim.
1	Funcionários despreparados.
1	Uma das vezes em que fui ao restaurante, chegamos após uma caminhada na praia com roupa de ginastica e fomos barrados para entrar e ainda estávamos com bebe de 3 meses no colo. Concluindo: o restaurante é ótimo mas perde por despreparo de seus recepcionistas.
-1	Os bombons já foram melhores, mais bem recheados.
1	Atendimento ótimo, comida maravilhosa e o preço não é astronômico.
1	Excelente restaurante para saborear um lamen muito parecido com o do Japão.
1	Lamen com diversas opções de caldos e ingredientes, atendimento simpático e fácil acesso, próximo a Avenida Paulista.
1	Gosto muito do burguer king pelo aspecto menos fast food...gosto de churrasco e a bebida à vontade...excelente pedida...
1	Comemos o bolinho de feijoada que estava maravilhoso.
1	Caipirinha de tangerina muito bem feita.
1	Camarão na Moranga gostoso, mais poderia vir mais quente e com menos coentro.
1	A comida é boa e o cardápio varia todos os dias da semana.
-1	O lugar poderia ser mas confortável, as mesas  comunitárias são pequenas e apertadas.
1	Um ambiente lindo com vista incrível da cidade.
1	A comida é muito boa, com ingredientes de qualidade e combinações bem contemporâneas.
1	O drink beijo de jambu é equilibrado e muito gostoso.
-1	Os pratos não são baratos mas é muito compreensível pela qualidade.
1	Atendimento muito bom tb!
1	Bastante sofisticado, com um ambiente de requinte.
1	O prato principal estava muito bom, com filé, salmão e os cortes de porcos da região.
1	O atendimento também estava bom, com muitos garçons.
1	E a música ambiente bastante agradável.
1	Comida excelente!
1	Ambiente super gostoso!
1	Lugar TOP, comida boa, atendimento muito bom!
1	O restaurante é super bonito e bem descontraído, o atendimento é bem atencioso, as refeições e os lanches são super caprichados.
1	Os acompanhamentos são maravilhosos.
1	É um dos melhores lugares no Rio de Janeiro, fica sempre a dúvida, é bar ou restaurante.
1	Indico pedir a carne assada com gnocchi a quatro queijos, vale a pena, muito bom.
1	Todos os pratos são muito bem elaborados e saborosos com um toque de requinte !
1	Fui com a minha familia nesse excelente restaurante.
1	Ótimo ambiente e atendimento.
1	O grande sucesso foi o gran chorizo!
1	Foi tudo muito gostoso!
1	Gostei muito do lugar, principalmente pelas sombras das árvores que amenizam o clima quente de porto velho.
1	Cerveja bem gelada
-1	Bons sanduíches mas nada diferentes do trivial, nas ultimas visitas achei a maionese da casa muito oleosa e sem tempero.
1	Restaurante muito bom.
1	Ambiente aberto e bem arborizado, sendo muito agradável.
1	Comida de qualidade muito boa, drinks bacanas.
-1	Preço elevado, mas vale a pena visitar e desfrutar da vista.
1	a comida é  saborosa,  o pastel tem uma massa muito boa,  tudo tem boa qualidade.
1	é  fácil para estacionar e o restaurante é  bem ventilado.
1	o banheiro é  limpo e as cadeiras são confortáveis.
1	Apesar de gostoso, bom ambiente e funcionários educados, não vale o preço que cobra!
-1	Lugar lotado , fila de espera, mas anda rápido.
1	Bom atendimento, cardápio gigantesco.
1	Comi um prato de peixe, era gostoso, nada excepcional.
1	A comida é simples e boa, o preço é bom.
1	Vale o valor pago!
1	Cardápio bem variado, com opções de comida japonesa tanto tradicional como algumas opções gourmet, além de chapas.
1	Atendimento ágil.
1	Preços médios para alto.
1	Fácil estacionamento.
1	Viemos num jantar no domingo, o ótimo atendimento já começa ao chegar no restaurante, com os rapazes cuidando do carro.
1	Proposta interessante, carnes de primeiríssima qualidade e acompanhamentos de muita qualidade.
1	Os atendimentos dos rapazes é ótimo!
1	Melhor pizza do Extremo Sul.
1	Ambiente bem legal de se comer no local.
1	Típico restaurante indiano, fomos com um casal de amigos, adoramos o ambiente que é bem familiar e agradável.
1	A comida deliciosa com boas opções.
1	Atendimento rápido e prático.
1	Ótimas carnes, um buffet impecável e um atendimento excelente.
-1	Diferente do esperado para um domingo, enormes filas, chegamos e sentamos na varanda.
1	Os pedidos vieram rápido, estavam gostosos e nos pontos solicitados.
1	E o preço é muito baixo, cerca de 20 reais o quilo.
1	Ambiente agradável, atendimento excelente, preço compatível.
1	Ambiente maravilhoso, música agradável, comida impecável e um garçom maravilhoso: Roberto, vc foi demais!!!
1	Boa opcao, almoco e jantar.
1	Spaghetti com peperonccino, apimentado na medida certa, muito gostoso.
1	A decoração é de bom gosto e pitoresca.
1	O atendimento foi simpático.
1	A comida muito boa.
1	Almoçamos um grelhado de peixe, lula e polvo, que estava saboroso.
1	Ingredientes frescos.
-1	Não é barato, mas valeu a visita.
1	Ambiente gostoso  , decoração e espaço belissimo , limpeza muito boa , atendimento nota 10 porem a  pizza deixa muito a desejar com relação a massa e sabor .
1	O restaurante frango leste é um simples, já antigo e com a cerveja gelada, tem uma comida de qualidade, destaque para o frango desossado e a paçoca.
1	Lugar de fácil acesso perto do aeroporto, tem uma variedade muito grande de sushis e bebidas, pena que não tem sashimi de atum nem polvo, mas vale muita a pena é uma ótima opção em refeição e o custo beneficio é ótimo pois lá tem sempre promoção.
1	Tudo feito na hora e tudo muito gostoso!
1	Ótima experiência gastronômica; destaque para a feijoada, o ceviche de caju e o arroz de chouriço.
1	Ótimo atendimento e boa localização.
-1	Pesam contra o preço alto, as poucas opções de suco e a decoração muito despojada.
1	Mesmo assim, no geral, uma ótima opção.
1	O Vamo é um achado!
1	Uma união de boa comida, bom preço e bom atendimento.
1	O Atendimento é sempre bom.
1	Saborosa e calorosa porque a Yeran e o Agop vão em todas as mesas ver se estamos gostando muito!
1	Além de tudo ser ótimo tem um molho de hortelã imperdível que fica acima do servidor, não percam!
1	Lugar descontraído para levar os amigos,bater papo, petiscar e tomar um chopinho.
1	Os preços são bons e fomos muito bem atendidas.
1	Lugar agradável, seguro, com estacionamento privativo, música ao vivo, um mar de bolinhas pra criançada, e os melhores food trucks e lá tb tem os melhores churros que já comi!!
1	No começo  quando eu comecei a comprar as pizzas na Carginalli era usado material de qualidade era muito bom.
1	Só que passou a vir a pizza além  de queimada com pouco recheio e a qualidade do material péssima.
1	É um dos mais antigos restaurantes italianos da cidade, a comida é muito boa, tem um rotoloni maravilhoso!
-1	Não gostamos de ir durante o fim de semana devido a acústica, geralmete é lotado e fica muito barulhento.
1	Excelente custo beneficio.
1	É um restaurante coma a vontade com clima familiar, super limpo, comida boa e variada e otimo atendimento.
1	Lugar especialmente agradável, atendimento excepcional e a comida deliciosa.
1	Ótima apresentação dos pratos.
1	Carnes Angus muito saborosas e todo tipo de acompanhamentos a um preço razoável.
-1	O serviço do Bob's é quase sempre confuso e demorado.
1	Restaurante japonês excelente.
1	Preço justo e sobremesa já incluída no valor.
1	Preço justo, serviço funcional e alimentos bem preparados e apresentados!
1	Carne saborosíssima com belos acompanhamentos também.
1	Garçom atencioso e preço justo pelo que oferece.
1	Cardápio bem enxuto, mas com itens que resolvem e agradam.
1	Preço justo e atendimento excelente.
1	E seus hambúrgueres são realmente caprichados, com nível de gordura menor que a maioria e com um pão especial, mais crocante, que vai muito bem com a carne e complementos.